4YAY,4YAY_dist,4YAY_name,4ZUD,4ZUD_dist,4ZUD_name,6DO1,6DO1_dist,6DO1_name,6OS0,6OS0_dist,6OS0_name,6OS1,6OS1_dist,6OS1_name,6OS2,6OS2_dist,6OS2_name,6TKO,6TKO_dist,6TKO_name,6U1N,6U1N_dist,6U1N_name,6UP7,6UP7_dist,6UP7_name,arr_residue_name,arr_residue_number
,,,,,,34.51,3.45,MET,34.51,3.13,MET,34.5,3.4,PRO,34.5,3.39,PRO,34.54,2.87,GLN,,,,,,,TYR,63
,,,,,,34.54,2.33,ARG,34.54,2.19,ARG,34.54,2.32,ARG,34.54,2.2,ARG,34.54,2.69,GLN,,,,2.36,3.04,GLN,ARG,65
2.37,2.29,THR,2.37,2.22,THR,2.37,3.22,ARG,2.37,3.03,THR,2.37,3.1,THR,2.37,3.23,THR,2.37,2.72,THR,,,,,,,GLU,66
6.3,3.32,ASN,3.5,2.73,ARG,,,,3.5,3.16,ARG,,,,,,,12.49,2.73,ARG,,,,,,,ASP,67
6.3,2.47,ASN,3.5,2.26,ARG,7.56,3.48,LEU,7.56,3.38,LEU,7.56,3.27,LEU,7.56,3.31,LEU,,,,,,,,,,CYS,68
3.5,2.24,ARG,3.5,2.29,ARG,3.5,2.32,ARG,3.5,2.3,ARG,3.5,2.58,ARG,3.5,2.8,ARG,3.5,3.01,ARG,,,,,,,ASP,69
3.5,2.24,ARG,3.5,2.23,ARG,3.5,2.62,ARG,3.5,3.16,ARG,,,,,,,,,,,,,,,,VAL,70
3.5,2.18,ARG,6.3,2.26,ASN,,,,3.5,3.41,ARG,,,,8.48,3.09,LYS,,,,,,,6.29,3.15,ALA,LEU,71
6.31,2.56,ASP,6.31,2.19,ASP,,,,,,,,,,,,,,,,,,,,,,GLY,72
6.31,2.4,ASP,6.3,2.23,ASN,,,,,,,,,,,,,,,,,,,,,,LEU,73
6.31,3.12,ASP,6.31,3.05,ASP,,,,,,,,,,,,,,,,,,,,,,THR,74
,,,,,,,,,6.28,3.19,PRO,6.28,3.47,PRO,6.28,3.32,PRO,,,,,,,123.62,3.12,SER,ARG,76
,,,,,,,,,,,,,,,,,,5.68,2.75,GLN,,,,,,,LYS,77
,,,,,,,,,6.28,3.01,PRO,6.28,3.19,PRO,6.28,3.22,PRO,,,,,,,,,,ASP,78
34.53,2.71,SER,,,,,,,,,,,,,,,,,,,,,,,,,GLN,130
34.53,2.74,LEU,,,,,,,,,,,,,,,,,,,,,,,,,GLY,132
8.52,3.13,ARG,,,,,,,,,,,,,,,,,,,,,,,,,PRO,133
8.52,3.01,ARG,,,,8.52,3.38,ARG,,,,,,,8.52,3.3,ARG,4.39,2.76,ARG,,,,,,,GLU,134
4.38,2.69,ARG,,,,,,,,,,,,,,,,,,,,,,,,,ASP,135
12.51,2.58,LYS,12.51,2.86,LYS,12.51,2.77,LYS,12.51,2.77,LYS,12.51,2.71,LYS,12.51,2.93,LYS,4.39,3.38,ARG,,,,,,,THR,136
,,,,,,,,,,,,34.51,2.83,MET,34.51,2.88,MET,,,,,,,,,,LEU,243
34.53,3.22,SER,,,,34.51,3.2,MET,,,,34.51,2.87,MET,34.51,2.9,MET,,,,,,,,,,PHE,244
34.51,3.48,MET,,,,34.51,3.02,MET,34.51,3.06,MET,34.51,2.73,MET,34.51,2.53,MET,,,,,,,,,,ASN,245
34.53,2.3,SER,,,,,,,,,,,,,,,,,,,,,,,,,THR,246
34.53,3.01,SER,,,,34.52,3.11,LYS,,,,,,,,,,,,,,,,,,,ALA,247
,,,,,,34.52,2.82,LYS,34.52,3.02,LYS,,,,,,,,,,,,,,,,GLN,248
34.5,2.42,PRO,34.5,2.8,PRO,34.52,2.91,LYS,34.52,2.77,LYS,34.52,2.27,LYS,34.52,2.21,LYS,,,,34.52,3.34,THR,,,,TYR,249
12.51,3.0,LYS,,,,12.51,2.71,LYS,,,,,,,,,,,,,,,,,,,LYS,250
34.56,3.33,ARG,,,,,,,,,,,,,,,,,,,,,,,,,GLU,283
4.38,2.27,ARG,4.38,2.9,THR,34.54,2.53,ARG,34.54,2.6,ARG,34.54,2.88,ARG,34.54,2.91,ARG,4.38,2.55,GLN,,,,8.49,2.86,ASN,ARG,285
34.52,3.27,ARG,,,,,,,,,,,,,,,,,,,,,,,,,GLY,286
