4YAY,4YAY_dist,4YAY_name,4ZUD,4ZUD_dist,4ZUD_name,6DO1,6DO1_dist,6DO1_name,6OS0,6OS0_dist,6OS0_name,6OS1,6OS1_dist,6OS1_name,6OS2,6OS2_dist,6OS2_name,arr_residue_name,arr_residue_number
,,,,,,34.54,1.13,ARG,34.54,0.67,ARG,34.54,0.85,ARG,34.54,0.72,ARG,ARG,65
6.3,1.73,ASN,,,,,,,,,,,,,,,,ASP,67
6.31,1.5,ASP,6.3,1.23,ASN,,,,,,,,,,,,,CYS,68
6.3,0.51,ASN,6.3,0.85,ASN,,,,7.56,1.79,LEU,,,,,,,ASP,69
3.5,1.12,ARG,3.5,1.12,ARG,,,,3.5,1.17,ARG,3.5,1.63,ARG,3.5,0.95,ARG,VAL,70
6.3,0.96,ASN,6.3,0.91,ASN,,,,,,,,,,,,,LEU,71
6.31,0.37,ASP,6.31,0.73,ASP,,,,,,,,,,,,,GLY,72
6.31,1.93,ASP,6.31,1.17,ASP,,,,,,,,,,,,,LEU,73
34.53,1.93,SER,,,,,,,,,,,,,,,,THR,246
34.54,1.12,ARG,,,,,,,,,,,,,,,,ARG,285
