gpcr,arr,type,Cluster_ID,chain,res
6TKO,6TKO,PH,5,A,70
6TKO,6TKO,PH,5,R,49
6TKO,6TKO,PH,5,R,52
6TKO,6TKO,PH,5,R,101
6TKO,6TKO,PH,5,R,104
6TKO,6TKO,PH,12,R,112
6TKO,6TKO,PH,12,R,199
6TKO,6TKO,PH,12,R,233
6TKO,6TKO,PH,12,R,235
6TKO,6TKO,PH,12,R,236
6TKO,6TKO,PH,12,R,239
6TKO,6TKO,PH,12,R,282
6TKO,6TKO,PH,12,R,283
6TKO,6TKO,PH,12,A,71
6TKO,6TKO,PH,12,A,73
6TKO,6TKO,IO,0,A,67
6TKO,6TKO,IO,0,R,71
6TKO,6TKO,IO,1,A,69
6TKO,6TKO,IO,1,R,139
6PWC,6PWC,PH,7,R,267
6PWC,6PWC,PH,7,A,73
6U1N,6U1N,PH,2,A,241
6U1N,6U1N,PH,2,A,140
6U1N,6U1N,PH,2,A,129
6U1N,6U1N,PH,2,R,129
6UP7,6UP7,PH,4,R,170
6UP7,6UP7,PH,4,A,68
6UP7,6UP7,PH,4,A,70
6UP7,6UP7,PH,4,A,71
4ZUD,6TKO,IO,1,A,69
4ZUD,6TKO,IO,1,R,126
6OS0,6TKO,IO,7,R,126
6OS0,6TKO,IO,7,A,69
6OS1,6TKO,IO,6,A,69
6OS1,6TKO,IO,6,R,126
6OS2,6TKO,IO,6,A,69
6OS2,6TKO,IO,6,R,126
4YAY,6TKO,PH,2,A,70
4YAY,6TKO,PH,2,R,238
4YAY,6TKO,PH,2,R,241
4YAY,6TKO,PH,2,R,242
4YAY,6TKO,PH,3,A,71
4YAY,6TKO,PH,3,A,73
4YAY,6TKO,PH,3,R,130
4YAY,6TKO,PH,3,R,218
4YAY,6TKO,PH,3,R,222
4YAY,6U1N,PH,2,A,70
4YAY,6U1N,PH,2,A,73
4YAY,6U1N,PH,2,R,130
4YAY,6U1N,PH,2,R,218
4YAY,6U1N,PH,2,R,222
4YAY,6UP7,PH,6,A,68
4YAY,6UP7,PH,6,A,71
4YAY,6UP7,PH,6,R,130
4YAY,6UP7,PH,6,R,218
4YAY,6UP7,PH,6,R,222
4YAY,6UP7,PH,7,A,70
4YAY,6UP7,PH,7,R,238
4YAY,6UP7,PH,7,R,305
4YAY,6UP7,PH,7,R,241
4ZUD,6TKO,PH,4,A,70
4ZUD,6TKO,PH,4,R,238
4ZUD,6TKO,PH,4,R,241
4ZUD,6TKO,PH,4,R,242
4ZUD,6TKO,PH,5,A,73
4ZUD,6TKO,PH,5,R,222
4ZUD,6TKO,PH,5,R,130
4ZUD,6TKO,PH,5,R,218
4ZUD,6U1N,PH,2,A,70
4ZUD,6U1N,PH,2,A,73
4ZUD,6U1N,PH,2,R,222
4ZUD,6U1N,PH,2,R,130
4ZUD,6UP7,PH,6,A,68
4ZUD,6UP7,PH,6,A,71
4ZUD,6UP7,PH,6,R,130
4ZUD,6UP7,PH,6,R,222
4ZUD,6UP7,PH,9,A,70
4ZUD,6UP7,PH,9,R,238
4ZUD,6UP7,PH,9,R,241
6DO1,6TKO,PH,2,A,70
6DO1,6TKO,PH,2,A,71
6DO1,6TKO,PH,2,A,73
6DO1,6TKO,PH,2,R,404
6DO1,6TKO,PH,2,R,130
6DO1,6TKO,PH,2,R,222
6DO1,6TKO,PH,2,R,218
6DO1,6TKO,PH,2,R,337
6DO1,6TKO,PH,2,R,341
6DO1,6TKO,PH,2,R,340
6DO1,6TKO,PH,2,R,344
6DO1,6U1N,PH,2,A,71
6DO1,6U1N,PH,2,R,340
6DO1,6U1N,PH,2,R,344
6DO1,6U1N,PH,2,R,404
6DO1,6U1N,PH,5,A,70
6DO1,6U1N,PH,5,A,73
6DO1,6U1N,PH,5,R,130
6DO1,6U1N,PH,5,R,337
6DO1,6U1N,PH,5,R,222
6DO1,6UP7,PH,8,A,68
6DO1,6UP7,PH,8,A,70
6DO1,6UP7,PH,8,A,71
6DO1,6UP7,PH,8,R,130
6DO1,6UP7,PH,8,R,222
6DO1,6UP7,PH,8,R,337
6DO1,6UP7,PH,8,R,404
6OS0,6TKO,PH,2,A,70
6OS0,6TKO,PH,2,A,71
6OS0,6TKO,PH,2,A,73
6OS0,6TKO,PH,2,R,1305
6OS0,6TKO,PH,2,R,130
6OS0,6TKO,PH,2,R,218
6OS0,6TKO,PH,2,R,222
6OS0,6TKO,PH,2,R,1238
6OS0,6TKO,PH,2,R,1241
6OS0,6TKO,PH,2,R,1242
6OS0,6TKO,PH,2,R,67
6OS0,6U1N,PH,2,A,71
6OS0,6U1N,PH,2,R,1241
6OS0,6U1N,PH,2,R,1305
6OS0,6U1N,PH,3,A,70
6OS0,6U1N,PH,3,A,73
6OS0,6U1N,PH,3,R,222
6OS0,6U1N,PH,3,R,130
6OS0,6U1N,PH,3,R,1238
6OS0,6U1N,PH,3,R,218
6OS0,6UP7,PH,6,A,68
6OS0,6UP7,PH,6,A,70
6OS0,6UP7,PH,6,A,71
6OS0,6UP7,PH,6,R,1305
6OS0,6UP7,PH,6,R,130
6OS0,6UP7,PH,6,R,222
6OS0,6UP7,PH,6,R,1238
6OS0,6UP7,PH,6,R,1241
6OS0,6UP7,PH,6,R,1242
6OS1,6TKO,PH,2,A,70
6OS1,6TKO,PH,2,A,71
6OS1,6TKO,PH,2,A,73
6OS1,6TKO,PH,2,R,130
6OS1,6TKO,PH,2,R,222
6OS1,6TKO,PH,2,R,1238
6OS1,6TKO,PH,2,R,1241
6OS1,6TKO,PH,2,R,1305
6OS1,6TKO,PH,2,R,122
6OS1,6TKO,PH,2,R,1245
6OS1,6TKO,PH,2,R,67
6OS1,6U1N,PH,4,A,70
6OS1,6U1N,PH,4,A,71
6OS1,6U1N,PH,4,A,73
6OS1,6U1N,PH,4,R,130
6OS1,6U1N,PH,4,R,1305
6OS1,6U1N,PH,4,R,1241
6OS1,6U1N,PH,4,R,1245
6OS1,6U1N,PH,4,R,218
6OS1,6U1N,PH,4,R,222
6OS1,6U1N,PH,4,R,1238
6OS1,6UP7,PH,8,A,68
6OS1,6UP7,PH,8,A,70
6OS1,6UP7,PH,8,A,71
6OS1,6UP7,PH,8,R,131
6OS1,6UP7,PH,8,R,222
6OS1,6UP7,PH,8,R,218
6OS1,6UP7,PH,8,R,1242
6OS1,6UP7,PH,8,R,1245
6OS1,6UP7,PH,8,R,1305
6OS1,6UP7,PH,8,R,1241
6OS1,6UP7,PH,8,R,1238
6OS2,6TKO,PH,2,A,70
6OS2,6TKO,PH,2,A,71
6OS2,6TKO,PH,2,A,73
6OS2,6TKO,PH,2,R,1238
6OS2,6TKO,PH,2,R,222
6OS2,6TKO,PH,2,R,130
6OS2,6TKO,PH,2,R,218
6OS2,6TKO,PH,2,R,1305
6OS2,6TKO,PH,2,R,122
6OS2,6TKO,PH,2,R,67
6OS2,6TKO,PH,2,R,1245
6OS2,6TKO,PH,2,R,1241
6OS2,6U1N,PH,4,A,70
6OS2,6U1N,PH,4,A,71
6OS2,6U1N,PH,4,A,73
6OS2,6U1N,PH,4,R,130
6OS2,6U1N,PH,4,R,222
6OS2,6U1N,PH,4,R,1305
6OS2,6U1N,PH,4,R,1238
6OS2,6U1N,PH,4,R,1241
6OS2,6U1N,PH,4,R,218
6OS2,6UP7,PH,6,A,68
6OS2,6UP7,PH,6,A,70
6OS2,6UP7,PH,6,A,71
6OS2,6UP7,PH,6,R,1305
6OS2,6UP7,PH,6,R,1241
6OS2,6UP7,PH,6,R,1238
6OS2,6UP7,PH,6,R,130
6OS2,6UP7,PH,6,R,218
6OS2,6UP7,PH,6,R,1242
6OS2,6UP7,PH,6,R,222
